{
  "name": "angular-loader",
  "version": "1.5.5",
  "license": "MIT",
  "main": "./angular-loader.js",
  "ignore": [],
  "dependencies": {
    "angular": "1.5.5"
  },
  "homepage": "https://github.com/angular/bower-angular-loader",
  "_release": "1.5.5",
  "_resolution": {
    "type": "version",
    "tag": "v1.5.5",
    "commit": "53b867ab2a817689e367dd8c3ca3d5c488377532"
  },
  "_source": "https://github.com/angular/bower-angular-loader.git",
  "_target": "~1.5.0",
  "_originalSource": "angular-loader"
}